RegionID,SizeRank,RegionName,RegionType,StateName,Jan-18,Feb-18,Mar-18,Apr-18,May-18,Jun-18,Jul-18,Aug-18,Sep-18,Oct-18,Nov-18,Dec-18,Jan-19,Feb-19,Mar-19,Apr-19,May-19,Jun-19,Jul-19,Aug-19,Sep-19,Oct-19,Nov-19,Dec-19,Jan-20,Feb-20,Mar-20,Apr-20,May-20,Jun-20,Jul-20,Aug-20,Sep-20,Oct-20,Nov-20,Dec-20,Jan-21,Feb-21
394388,49,"Birmingham, AL",Msa,AL,"$206,383 ","$207,083 ","$215,383 ","$226,967 ","$236,267 ","$239,600 ","$239,900 ","$239,900 ","$238,267 ","$234,633 ","$231,000 ","$229,300 ","$229,600 ","$233,233 ","$239,900 ","$249,900 ","$258,342 ","$265,008 ","$270,048 ","$271,640 ","$272,494 ","$272,321 ","$272,288 ","$269,800 ","$266,600 ","$265,967 ","$267,600 ","$269,267 ","$273,233 ","$278,233 ","$282,267 ","$282,133 ","$277,167 ","$274,544 ","$273,011 ","$276,011 ","$277,650 ","$280,317 "
394798,76,"Little Rock, AR",Msa,AR,"$168,304 ","$170,755 ","$172,440 ","$174,861 ","$177,036 ","$178,568 ","$178,293 ","$176,730 ","$175,198 ","$175,351 ","$175,382 ","$175,382 ","$174,585 ","$175,167 ","$177,956 ","$181,816 ","$188,894 ","$193,796 ","$197,626 ","$197,626 ","$196,094 ","$194,562 ","$192,693 ","$191,774 ","$190,855 ","$191,192 ","$194,869 ","$198,852 ","$203,448 ","$205,256 ","$206,451 ","$204,919 ","$204,949 ","$205,719 ","$209,507 ","$211,649 ","$213,943 ","$214,415 "
394976,14,"Phoenix, AZ",Msa,AZ,"$332,633 ","$338,265 ","$346,298 ","$350,798 ","$353,833 ","$352,467 ","$349,967 ","$344,967 ","$341,666 ","$339,833 ","$339,500 ","$339,467 ","$341,300 ","$344,633 ","$348,000 ","$352,833 ","$356,500 ","$359,833 ","$360,000 ","$361,633 ","$363,967 ","$365,633 ","$367,333 ","$369,967 ","$376,467 ","$383,100 ","$389,767 ","$384,933 ","$380,933 ","$380,630 ","$390,597 ","$397,963 ","$400,889 ","$400,920 ","$400,754 ","$399,831 ","$403,083 ","$406,580 "
395167,53,"Tucson, AZ",Msa,AZ,"$260,300 ","$263,667 ","$269,000 ","$274,983 ","$279,983 ","$281,316 ","$281,300 ","$279,633 ","$281,600 ","$281,600 ","$281,267 ","$279,300 ","$279,333 ","$281,333 ","$287,000 ","$293,333 ","$298,300 ","$297,967 ","$295,353 ","$292,053 ","$291,607 ","$292,220 ","$293,053 ","$291,800 ","$292,467 ","$294,933 ","$298,300 ","$299,300 ","$301,000 ","$309,333 ","$319,967 ","$329,967 ","$328,300 ","$323,333 ","$319,967 ","$321,633 ","$327,663 ","$336,013 "
753899,2,"Los Angeles-Long Beach-Anaheim, CA",Msa,CA,"$797,667 ","$802,333 ","$816,000 ","$833,000 ","$846,633 ","$849,633 ","$841,300 ","$824,293 ","$801,293 ","$784,627 ","$771,333 ","$761,300 ","$752,596 ","$749,596 ","$759,629 ","$776,500 ","$801,500 ","$821,500 ","$837,667 ","$845,667 ","$845,667 ","$845,667 ","$845,667 ","$848,667 ","$849,333 ","$864,667 ","$881,666 ","$884,966 ","$879,966 ","$888,600 ","$918,633 ","$950,300 ","$961,000 ","$969,333 ","$974,000 ","$987,667 ","$995,333 ","$999,000 "
395057,11,"San Francisco, CA",Msa,CA,"$807,333 ","$824,000 ","$857,667 ","$899,667 ","$924,667 ","$937,667 ","$921,000 ","$879,333 ","$849,667 ","$841,317 ","$837,650 ","$817,983 ","$794,650 ","$798,317 ","$826,650 ","$866,000 ","$899,333 ","$907,629 ","$904,629 ","$885,963 ","$885,667 ","$889,000 ","$895,629 ","$877,629 ","$860,963 ","$869,667 ","$896,000 ","$912,667 ","$924,333 ","$948,000 ","$981,333 ","$997,333 ","$998,667 ","$998,667 ","$998,667 ","$995,000 ","$989,667 ","$983,644 "
395025,13,"Riverside, CA",Msa,CA,"$392,000 ","$394,667 ","$397,333 ","$402,667 ","$406,633 ","$409,967 ","$409,929 ","$406,629 ","$403,296 ","$399,966 ","$399,633 ","$398,633 ","$398,333 ","$398,633 ","$402,967 ","$408,300 ","$415,000 ","$419,967 ","$423,300 ","$423,300 ","$420,000 ","$416,667 ","$415,000 ","$414,817 ","$414,817 ","$418,150 ","$422,966 ","$426,300 ","$427,967 ","$434,667 ","$446,333 ","$461,333 ","$471,633 ","$479,967 ","$484,966 ","$490,000 ","$491,566 ","$493,233 "
395056,17,"San Diego, CA",Msa,CA,"$701,333 ","$718,000 ","$734,333 ","$749,333 ","$749,633 ","$749,633 ","$742,300 ","$725,633 ","$705,933 ","$689,933 ","$681,633 ","$676,667 ","$675,900 ","$680,900 ","$692,567 ","$713,000 ","$732,667 ","$745,667 ","$746,000 ","$746,000 ","$746,000 ","$745,333 ","$742,000 ","$742,000 ","$744,333 ","$754,333 ","$767,967 ","$769,600 ","$768,267 ","$778,267 ","$811,596 ","$832,929 ","$831,296 ","$814,667 ","$804,667 ","$799,633 ","$804,633 ","$821,600 "
395045,25,"Sacramento, CA",Msa,CA,"$462,300 ","$467,500 ","$475,833 ","$483,500 ","$490,000 ","$490,000 ","$486,333 ","$479,667 ","$472,000 ","$465,333 ","$458,633 ","$456,300 ","$458,300 ","$466,333 ","$481,000 ","$492,650 ","$504,617 ","$513,250 ","$521,533 ","$522,900 ","$517,693 ","$509,423 ","$503,056 ","$504,630 ","$510,967 ","$520,667 ","$526,896 ","$527,196 ","$525,862 ","$527,967 ","$537,667 ","$547,060 ","$557,393 ","$566,026 ","$574,967 ","$582,300 ","$590,333 ","$595,333 "
395059,34,"San Jose, CA",Msa,CA,"$1,071,000 ","$1,102,000 ","$1,152,000 ","$1,206,000 ","$1,243,333 ","$1,259,833 ","$1,242,833 ","$1,199,463 ","$1,149,629 ","$1,116,229 ","$1,082,896 ","$1,048,896 ","$1,015,592 ","$1,031,896 ","$1,065,896 ","$1,112,563 ","$1,138,963 ","$1,155,629 ","$1,142,667 ","$1,116,333 ","$1,099,333 ","$1,099,000 ","$1,095,629 ","$1,069,296 ","$1,068,962 ","$1,102,266 ","$1,162,192 ","$1,179,526 ","$1,182,592 ","$1,199,333 ","$1,235,667 ","$1,252,995 ","$1,252,328 ","$1,236,253 ","$1,235,592 ","$1,217,925 ","$1,213,667 ","$1,207,667 "
394619,56,"Fresno, CA",Msa,CA,"$331,298 ","$329,253 ","$329,253 ","$331,946 ","$335,730 ","$339,104 ","$339,138 ","$337,434 ","$334,042 ","$332,304 ","$330,429 ","$327,037 ","$322,640 ","$321,106 ","$323,151 ","$330,991 ","$342,145 ","$353,053 ","$361,541 ","$362,284 ","$360,920 ","$355,722 ","$351,441 ","$348,372 ","$347,570 ","$350,181 ","$355,294 ","$357,920 ","$363,838 ","$370,655 ","$380,882 ","$386,895 ","$388,600 ","$387,795 ","$388,133 ","$386,428 ","$386,033 ","$384,495 "
394357,63,"Bakersfield, CA",Msa,CA,"$245,623 ","$248,500 ","$254,033 ","$260,286 ","$263,732 ","$264,807 ","$263,929 ","$260,767 ","$256,041 ","$251,298 ","$247,852 ","$244,991 ","$243,378 ","$242,256 ","$244,817 ","$251,172 ","$257,353 ","$260,830 ","$262,095 ","$261,147 ","$259,246 ","$254,789 ","$252,544 ","$251,251 ","$252,547 ","$254,159 ","$258,617 ","$260,514 ","$262,095 ","$262,348 ","$265,510 ","$273,097 ","$280,116 ","$287,988 ","$288,305 ","$284,194 ","$277,884 ","$276,370 "
394952,66,"Ventura, CA",Msa,CA,"$779,833 ","$780,500 ","$777,500 ","$785,667 ","$779,333 ","$772,667 ","$756,333 ","$746,333 ","$726,650 ","$709,950 ","$696,600 ","$689,950 ","$688,317 ","$691,333 ","$701,000 ","$712,333 ","$725,667 ","$739,300 ","$749,617 ","$761,617 ","$774,650 ","$784,505 ","$784,488 ","$781,155 ","$782,983 ","$796,333 ","$813,333 ","$810,000 ","$804,667 ","$809,833 ","$834,500 ","$858,133 ","$867,933 ","$871,433 ","$864,467 ","$864,500 ",,
395134,77,"Stockton, CA",Msa,CA,"$358,684 ","$360,566 ","$359,029 ","$360,597 ","$361,848 ","$368,120 ","$369,688 ","$368,468 ","$365,333 ","$362,197 ","$360,315 ","$358,747 ","$355,611 ","$354,357 ","$357,179 ","$369,723 ","$385,089 ","$397,632 ","$405,472 ","$411,336 ","$413,217 ","$411,580 ","$410,717 ","$412,129 ","$410,599 ","$408,752 ","$408,595 ","$410,179 ","$411,728 ","$418,000 ","$428,364 ","$440,594 ","$445,612 ","$445,925 ","$440,265 ","$438,697 ","$439,957 ","$452,054 "
394530,21,"Denver, CO",Msa,CO,,,,,,,,,"$494,667 ","$487,333 ","$480,633 ","$477,300 ","$481,300 ","$491,333 ","$506,667 ","$518,333 ","$523,333 ","$521,667 ","$516,667 ","$510,000 ","$503,000 ","$498,000 ","$497,967 ","$499,967 ","$509,967 ","$526,633 ","$541,633 ","$544,967 ","$541,666 ","$541,666 ","$546,666 ","$549,983 ","$543,317 ","$533,316 ","$523,300 ","$523,933 ","$530,641 ","$543,675 "
394484,80,"Colorado Springs, CO",Msa,CO,"$483,151 ","$481,321 ","$476,930 ","$473,493 ","$471,627 ","$458,784 ","$442,683 ","$425,522 ","$416,411 ","$412,752 ","$411,654 ","$412,020 ","$418,606 ","$427,718 ","$441,988 ","$450,002 ","$458,820 ","$464,272 ","$474,738 ","$476,896 ","$476,567 ","$471,591 ","$473,420 ","$471,957 ","$470,164 ","$466,541 ","$472,030 ","$479,516 ","$488,627 ","$492,286 ","$497,607 ","$497,607 ","$492,118 ","$481,141 ","$473,859 ","$472,030 ",,
394602,159,"Fort Collins, CO",Msa,CO,"$426,801 ","$429,494 ","$432,683 ","$433,663 ","$437,107 ","$440,570 ","$439,668 ","$436,936 ","$431,539 ","$429,285 ","$427,200 ","$425,621 ","$424,652 ","$424,942 ","$428,162 ","$429,776 ","$432,998 ","$434,900 ","$434,900 ","$431,356 ","$426,234 ","$424,301 ","$424,623 ","$424,945 ","$428,489 ","$436,450 ","$447,251 ","$453,282 ","$454,986 ","$457,924 ","$462,521 ","$464,132 ","$458,589 ","$452,793 ","$451,022 ","$454,101 ",,
394669,44,"Hartford, CT",Msa,CT,"$267,000 ","$271,333 ","$279,633 ","$286,267 ","$289,900 ","$289,900 ","$289,900 ","$289,600 ","$287,933 ","$286,267 ","$283,233 ","$281,567 ","$279,900 ","$281,600 ","$284,967 ","$291,633 ","$296,600 ","$302,933 ","$302,933 ","$302,633 ","$298,633 ","$295,333 ","$292,300 ","$289,633 ","$287,967 ","$287,967 ","$294,300 ","$302,600 ","$314,267 ","$323,233 ","$334,433 ","$339,433 ","$337,800 ","$333,267 ","$328,300 ","$326,600 ","$326,600 ","$331,567 "
394415,58,"Stamford, CT",Msa,CT,"$684,076 ","$719,640 ","$763,739 ","$788,456 ","$795,569 ","$792,013 ","$781,343 ","$763,561 ","$749,336 ","$745,779 ","$742,579 ","$739,378 ","$737,422 ","$740,978 ","$753,425 ","$766,051 ","$773,875 ","$764,628 ","$747,202 ","$724,797 ","$710,500 ","$706,588 ","$710,144 ","$712,349 ","$714,483 ","$723,730 ","$735,821 ","$744,357 ","$755,026 ","$772,808 ","$790,944 ","$798,057 ","$789,521 ","$778,498 ","$762,139 ","$753,212 ","$747,173 ","$778,247 "
394908,62,"New Haven, CT",Msa,CT,"$284,220 ","$289,487 ","$299,638 ","$311,498 ","$321,614 ","$327,195 ","$327,509 ","$322,625 ","$317,358 ","$313,556 ","$310,068 ","$304,870 ","$301,382 ","$303,091 ","$310,031 ","$319,101 ","$324,019 ","$324,056 ","$318,788 ","$313,870 ","$308,463 ","$304,975 ","$302,917 ","$301,347 ","$299,603 ","$299,603 ","$304,801 ","$310,033 ","$322,556 ","$332,706 ","$346,659 ","$348,438 ","$347,043 ","$340,067 ","$334,799 ","$326,078 ","$319,457 ","$316,280 "
395209,7,"Washington, DC",Msa,DC,"$431,220 ","$430,890 ","$441,193 ","$452,633 ","$464,633 ","$474,833 ","$481,133 ","$477,800 ","$467,966 ","$461,633 ","$456,600 ","$449,900 ","$443,233 ","$443,267 ","$456,300 ","$474,667 ","$491,300 ","$498,133 ","$496,463 ","$491,163 ","$487,663 ","$487,633 ","$489,300 ","$486,300 ","$484,667 ","$488,333 ","$503,333 ","$514,146 ","$524,113 ","$532,447 ","$544,963 ","$551,663 ","$549,996 ","$543,333 ","$535,000 ","$528,300 ","$521,600 ","$518,583 "
394856,8,"Miami-Fort Lauderdale, FL",Msa,FL,"$398,604 ","$398,604 ","$399,950 ","$401,295 ","$402,943 ","$403,246 ","$403,549 ","$403,246 ","$402,943 ","$402,557 ","$401,211 ","$399,866 ","$398,604 ","$398,604 ","$399,782 ","$401,127 ","$402,775 ","$403,280 ","$405,298 ","$405,332 ","$405,331 ","$403,649 ","$403,649 ","$403,650 ","$403,650 ","$403,650 ","$405,332 ","$404,995 ","$404,659 ","$402,641 ","$402,977 ","$404,995 ","$407,014 ","$408,797 ","$407,532 ","$404,633 ","$401,600 ","$399,633 "
395148,19,"Tampa, FL",Msa,FL,"$262,207 ","$262,207 ","$263,859 ","$267,129 ","$272,019 ","$275,225 ","$275,193 ","$272,246 ","$269,040 ","$265,834 ","$263,891 ","$261,462 ","$260,668 ","$260,668 ","$264,069 ","$269,720 ","$277,525 ","$282,674 ","$284,260 ","$282,962 ","$281,650 ","$281,275 ","$279,659 ","$277,764 ","$274,934 ","$274,902 ","$275,740 ","$275,740 ","$277,360 ","$281,378 ","$287,855 ","$294,332 ","$298,493 ","$303,350 ","$303,380 ","$301,984 ","$299,943 ","$299,525 "
394943,27,"Orlando, FL",Msa,FL,"$299,900 ","$302,933 ","$309,300 ","$317,666 ","$323,000 ","$325,000 ","$324,967 ","$323,267 ","$319,933 ","$314,633 ","$308,000 ","$302,967 ","$299,933 ","$299,933 ","$303,300 ","$310,000 ","$318,333 ","$323,333 ","$325,000 ","$325,000 ","$325,000 ","$325,000 ","$325,000 ","$324,997 ","$324,867 ","$326,200 ","$327,870 ","$324,667 ","$321,633 ","$319,967 ","$324,963 ","$328,313 ","$329,980 ","$329,983 ","$329,967 ","$329,633 ","$327,808 ","$326,141 "
394714,40,"Jacksonville, FL",Msa,FL,"$300,799 ","$304,900 ","$309,933 ","$314,633 ","$316,780 ","$316,780 ","$313,446 ","$308,000 ","$302,666 ","$298,000 ","$296,167 ","$296,000 ","$296,000 ","$297,500 ","$299,667 ","$304,667 ","$311,667 ","$313,997 ","$310,663 ","$303,963 ","$299,630 ","$299,463 ","$299,163 ","$298,497 ","$298,660 ","$301,990 ","$306,327 ","$307,327 ","$309,330 ","$312,026 ","$317,363 ","$318,696 ","$317,667 ","$314,800 ","$310,100 ","$308,267 ","$308,463 ","$313,463 "
753906,75,"North Port-Sarasota-Bradenton, FL",Msa,FL,"$358,083 ","$359,467 ","$359,800 ","$359,633 ","$361,333 ","$364,333 ","$367,967 ","$366,957 ","$362,257 ","$357,290 ","$353,300 ","$351,667 ","$353,000 ","$356,300 ","$361,300 ","$366,633 ","$372,633 ","$377,600 ","$377,600 ","$374,963 ","$370,830 ","$370,163 ","$372,000 ","$374,500 ","$375,163 ","$374,997 ","$374,997 ","$370,348 ","$366,848 ","$365,844 ","$372,130 ","$376,963 ","$379,300 ","$379,300 ","$379,600 ","$382,263 ",,
394440,84,"Fort Myers, FL",Msa,FL,"$262,446 ","$262,475 ","$262,474 ","$263,072 ","$263,043 ","$263,014 ","$262,373 ","$262,110 ","$261,848 ","$261,737 ","$261,737 ","$260,571 ","$259,427 ","$259,427 ","$260,594 ","$261,615 ","$261,469 ","$261,323 ","$260,419 ","$259,369 ","$258,056 ","$258,960 ","$260,419 ","$264,356 ","$267,561 ","$273,278 ","$276,940 ","$277,206 ","$277,206 ","$279,376 ","$284,364 ","$285,968 ","$285,239 ","$284,364 ","$284,364 ","$284,334 ",,
394766,88,"Lakeland, FL",Msa,FL,"$228,590 ","$228,967 ","$230,576 ","$233,999 ","$235,710 ","$236,189 ","$236,358 ","$236,324 ","$234,784 ","$232,869 ","$230,849 ","$230,644 ","$230,644 ","$230,983 ","$231,017 ","$232,421 ","$235,501 ","$238,223 ","$239,626 ","$239,017 ","$238,178 ","$237,117 ","$236,326 ","$236,121 ","$236,121 ","$237,832 ","$239,578 ","$240,571 ","$240,242 ","$240,242 ","$242,638 ","$245,394 ","$248,783 ","$250,717 ","$252,269 ","$254,146 ","$256,060 ","$258,307 "
394528,90,"Daytona Beach, FL",Msa,FL,"$269,567 ","$270,433 ","$271,901 ","$274,901 ","$279,216 ","$284,115 ","$286,782 ","$286,333 ","$283,167 ","$279,833 ","$276,667 ","$274,833 ","$274,333 ","$274,500 ","$276,500 ","$280,966 ","$285,800 ","$288,797 ","$287,797 ","$284,597 ","$280,900 ","$278,267 ","$277,300 ","$277,667 ","$278,333 ","$281,000 ","$283,663 ","$283,963 ","$282,297 ","$281,600 ","$284,705 ","$287,705 ","$289,705 ","$290,267 ","$291,933 ","$291,963 ","$293,330 ","$296,660 "
394347,9,"Atlanta, GA",Msa,GA,"$310,075 ","$314,967 ","$323,633 ","$335,333 ","$344,667 ","$349,633 ","$344,933 ","$337,933 ","$329,633 ","$324,812 ","$320,588 ","$317,221 ","$313,710 ","$313,267 ","$316,633 ","$326,333 ","$337,667 ","$344,333 ","$344,443 ","$339,743 ","$334,710 ","$330,307 ","$327,007 ","$325,040 ","$323,663 ","$323,663 ","$325,663 ","$327,290 ","$330,623 ","$336,923 ","$344,700 ","$351,367 ","$354,733 ","$356,300 ","$354,633 ","$351,600 ","$351,297 ","$357,297 "
394352,94,"Augusta, GA",Msa,GA,"$221,600 ","$224,233 ","$227,567 ","$230,900 ","$234,100 ","$235,800 ","$234,133 ","$230,933 ","$227,600 ","$225,967 ","$224,667 ","$224,333 ","$223,633 ","$222,733 ","$224,700 ","$230,300 ","$236,500 ","$238,200 ","$237,967 ","$237,078 ","$237,950 ","$236,583 ","$234,472 ","$231,933 ","$230,967 ","$232,333 ","$235,633 ","$239,967 ","$244,967 ","$249,967 ","$252,133 ","$255,433 ","$258,767 ","$261,600 ","$258,802 ","$254,315 ","$252,408 ","$255,240 "
753924,54,"Urban Honolulu, HI",Msa,HI,"$651,663 ","$651,699 ","$645,172 ","$638,646 ","$638,646 ","$645,825 ","$652,352 ","$657,573 ","$659,205 ","$658,879 ","$658,879 ","$658,879 ","$664,100 ","$664,067 ","$664,067 ","$659,172 ","$657,573 ","$657,573 ","$659,205 ","$659,205 ","$653,984 ","$645,825 ","$639,193 ","$635,930 ","$632,666 ","$629,508 ","$623,308 ","$615,149 ","$602,096 ","$598,832 ","$602,096 ","$605,359 ","$595,569 ","$585,779 ","$582,189 ","$589,368 ",,
394531,91,"Des Moines, IA",Msa,IA,"$280,600 ","$284,433 ","$289,767 ","$295,267 ","$298,400 ","$299,433 ","$298,600 ","$295,267 ","$291,933 ","$289,600 ","$287,967 ","$284,967 ","$282,993 ","$283,826 ","$287,126 ","$290,100 ","$290,900 ","$290,900 ","$288,018 ","$283,051 ","$276,418 ","$268,497 ","$263,463 ","$259,460 ","$260,627 ","$263,960 ","$269,597 ","$273,233 ","$276,567 ","$279,930 ","$282,743 ","$282,310 ","$279,163 ","$274,717 ","$271,513 ","$269,830 ","$271,463 ","$275,133 "
394399,85,"Boise City, ID",Msa,ID,"$326,467 ","$343,133 ","$348,300 ","$354,807 ","$357,140 ","$362,140 ","$360,600 ","$354,963 ","$351,627 ","$348,327 ","$344,993 ","$341,630 ","$340,963 ","$344,967 ","$354,400 ","$368,367 ","$381,030 ","$388,263 ","$388,297 ","$384,933 ","$380,602 ","$374,940 ","$371,477 ","$369,142 ","$373,104 ","$379,900 ","$388,933 ","$393,967 ","$397,330 ","$403,330 ","$413,330 ","$421,667 ","$426,667 ","$430,663 ","$442,063 ","$450,582 ","$459,248 ","$467,819 "
394463,3,"Chicago, IL",Msa,IL,"$299,644 ","$305,773 ","$319,300 ","$334,867 ","$344,800 ","$346,767 ","$343,200 ","$336,300 ","$329,633 ","$324,300 ","$317,933 ","$309,600 ","$303,233 ","$306,567 ","$319,267 ","$335,267 ","$344,967 ","$347,300 ","$344,333 ","$337,967 ","$331,300 ","$324,933 ","$318,633 ","$310,300 ","$305,330 ","$309,963 ","$319,963 ","$327,800 ","$331,167 ","$336,167 ","$343,300 ","$348,267 ","$349,932 ","$349,502 ","$345,868 ","$339,203 ","$331,333 ","$331,666 "
394705,33,"Indianapolis, IN",Msa,IN,"$210,967 ","$215,300 ","$226,967 ","$251,267 ","$271,300 ","$283,267 ","$278,300 ","$268,933 ","$258,933 ","$248,900 ","$239,900 ","$232,933 ","$229,633 ","$234,633 ","$248,267 ","$266,600 ","$281,600 ","$286,600 ","$284,900 ","$279,600 ","$274,633 ","$269,633 ","$264,590 ","$257,923 ","$256,257 ","$260,997 ","$272,664 ","$282,664 ","$291,600 ","$302,233 ","$311,167 ","$316,167 ","$310,197 ","$299,630 ","$286,997 ","$278,667 ","$276,072 ","$279,038 "
395224,82,"Wichita, KS",Msa,KS,"$176,600 ","$182,433 ","$190,767 ","$200,767 ","$206,567 ","$208,233 ","$206,233 ","$202,900 ","$200,600 ","$198,183 ","$193,883 ","$190,383 ","$189,833 ","$194,133 ","$202,133 ","$210,467 ","$219,383 ","$224,700 ","$224,533 ","$220,650 ","$216,500 ","$215,000 ","$213,000 ","$207,967 ","$202,658 ","$201,325 ","$209,525 ","$219,800 ","$234,633 ","$248,610 ","$261,143 ","$264,543 ",,,,"$229,727 ","$228,300 ","$236,600 "
394807,43,"Louisville-Jefferson County, KY",Msa,KY,"$231,481 ","$239,781 ","$253,288 ","$266,440 ","$274,473 ","$276,600 ","$274,633 ","$271,300 ","$267,667 ","$264,767 ","$260,733 ","$255,733 ","$253,367 ","$256,067 ","$264,700 ","$276,800 ","$286,133 ","$290,800 ","$289,300 ","$284,600 ","$277,933 ","$269,567 ","$259,930 ","$251,963 ","$248,330 ","$252,333 ","$263,633 ","$277,233 ","$289,733 ","$296,267 ","$299,333 ","$296,167 ","$287,967 ","$277,963 ","$264,630 ","$256,330 ","$251,667 ","$258,300 "
394910,46,"New Orleans, LA",Msa,LA,"$245,966 ","$242,633 ","$243,300 ","$249,633 ","$257,600 ","$262,633 ","$264,300 ","$262,967 ","$260,633 ","$257,633 ","$254,333 ","$251,667 ","$250,000 ","$252,333 ","$257,300 ","$263,933 ","$269,900 ","$272,653 ","$272,653 ","$270,687 ","$269,300 ","$268,667 ","$268,000 ","$266,633 ","$263,967 ","$263,133 ","$264,833 ","$269,833 ","$276,467 ","$282,800 ","$289,133 ","$294,300 ","$297,800 ","$299,633 ","$299,333 ","$299,167 ","$297,667 ","$297,333 "
394367,69,"Baton Rouge, LA",Msa,LA,"$230,683 ","$231,600 ","$234,600 ","$239,600 ","$244,600 ","$248,266 ","$248,300 ","$246,166 ","$243,833 ","$242,133 ","$240,967 ","$239,933 ","$239,966 ","$241,283 ","$243,616 ","$247,976 ","$252,993 ","$255,693 ","$254,667 ","$250,967 ","$247,600 ","$245,433 ","$243,433 ","$241,800 ","$240,600 ","$241,568 ","$244,868 ","$247,902 ","$249,633 ","$252,967 ","$257,600 ","$263,483 ","$267,457 ","$270,657 ","$271,273 ","$270,633 ","$269,463 ","$271,263 "
394404,10,"Boston, MA",Msa,MA,"$540,467 ","$543,467 ","$564,300 ","$584,000 ","$597,667 ","$595,967 ","$579,600 ","$556,567 ","$539,567 ","$534,933 ","$534,633 ","$530,000 ","$527,967 ","$533,267 ","$549,933 ","$569,967 ","$588,000 ","$594,667 ","$594,633 ","$586,600 ","$579,900 ","$574,933 ","$574,967 ","$573,333 ","$573,333 ","$581,333 ","$597,667 ","$605,967 ","$614,633 ","$624,633 ","$641,333 ","$649,666 ","$649,966 ","$656,633 ","$661,965 ","$661,998 ","$661,665 ","$671,333 "
395238,57,"Worcester, MA",Msa,MA,"$278,580 ","$281,732 ","$288,101 ","$297,653 ","$308,479 ","$314,879 ","$316,789 ","$315,229 ","$313,606 ","$310,071 ","$306,887 ","$302,143 ","$300,264 ","$302,174 ","$312,125 ","$325,466 ","$336,611 ","$344,173 ","$345,160 ","$341,944 ","$336,850 ","$333,666 ","$332,105 ","$330,832 ","$330,481 ","$332,073 ","$341,626 ","$353,121 ","$365,825 ","$373,786 ","$378,880 ","$381,778 ","$381,459 ","$382,427 ","$385,347 ","$391,300 ",,
395115,83,"Springfield, MA",Msa,MA,"$241,535 ","$242,188 ","$247,816 ","$256,522 ","$264,917 ","$268,617 ","$268,617 ","$264,264 ","$258,046 ","$251,796 ","$247,132 ","$241,566 ","$238,457 ","$237,524 ","$243,090 ","$252,449 ","$265,508 ","$274,836 ","$277,946 ","$277,479 ","$275,645 ","$273,779 ","$267,716 ","$262,399 ","$258,170 ","$261,590 ","$271,851 ","$285,688 ","$299,960 ","$310,874 ","$320,202 ","$324,866 ","$323,280 ","$321,117 ","$317,287 ","$311,267 ","$304,300 ","$304,333 "
394358,20,"Baltimore, MD",Msa,MD,"$303,230 ","$299,897 ","$304,930 ","$313,300 ","$326,633 ","$337,967 ","$345,967 ","$345,967 ","$341,300 ","$334,933 ","$328,267 ","$319,771 ","$312,804 ","$309,504 ","$314,667 ","$325,000 ","$338,300 ","$346,633 ","$349,967 ","$349,967 ","$346,600 ","$341,567 ","$334,600 ","$327,933 ","$322,933 ","$322,933 ","$329,633 ","$339,333 ","$348,966 ","$358,300 ","$366,133 ","$368,500 ","$365,800 ","$361,300 ","$354,297 ","$347,330 ","$339,297 ","$339,633 "
394532,12,"Detroit, MI",Msa,MI,"$218,333 ","$216,633 ","$222,800 ","$237,433 ","$252,467 ","$262,420 ","$264,087 ","$259,054 ","$249,933 ","$241,633 ","$234,667 ","$228,000 ","$223,000 ","$221,667 ","$228,330 ","$241,630 ","$256,297 ","$266,267 ","$267,967 ","$262,600 ","$254,267 ","$245,600 ","$237,933 ","$230,467 ","$224,100 ","$220,767 ","$223,267 ","$229,633 ","$240,633 ","$257,267 ","$272,567 ","$281,567 ","$278,267 ","$273,300 ","$268,300 ","$263,300 ","$259,933 ","$261,600 "
394640,52,"Grand Rapids, MI",Msa,MI,"$251,733 ","$260,037 ","$271,290 ","$280,829 ","$286,920 ","$288,491 ","$286,888 ","$282,111 ","$277,302 ","$274,256 ","$275,827 ","$277,430 ","$278,841 ","$281,758 ","$287,530 ","$295,577 ","$300,675 ","$301,316 ","$298,398 ","$293,589 ","$289,774 ","$284,644 ","$281,438 ","$278,841 ","$281,758 ","$286,568 ","$294,615 ","$301,316 ","$306,125 ","$307,696 ","$309,299 ","$309,299 ","$309,299 ","$308,431 ","$310,832 ","$314,833 ","$319,700 ","$327,400 "
394865,16,"Minneapolis-St Paul, MN",Msa,MN,"$354,873 ","$372,153 ","$387,735 ","$392,964 ","$391,233 ","$383,961 ","$375,304 ","$368,066 ","$359,790 ","$355,981 ","$351,099 ","$351,099 ","$357,332 ","$371,183 ","$386,985 ","$396,151 ","$396,185 ","$390,737 ","$384,307 ","$377,382 ","$370,456 ","$364,915 ","$363,149 ","$363,184 ","$369,452 ","$379,840 ","$390,229 ","$393,345 ","$393,345 ","$394,176 ","$395,527 ","$393,795 ","$387,216 ","$378,594 ","$369,971 ","$368,759 ","$370,828 ","$377,961 "
395121,18,"St. Louis, MO",Msa,MO,"$190,800 ","$191,267 ","$196,433 ","$204,800 ","$213,133 ","$218,267 ","$219,600 ","$219,300 ","$219,000 ","$217,667 ","$214,666 ","$209,966 ","$206,300 ","$207,933 ","$216,267 ","$228,200 ","$238,233 ","$243,267 ","$244,500 ","$242,800 ","$241,100 ","$238,267 ","$234,963 ","$230,997 ","$230,963 ","$234,300 ","$239,933 ","$244,633 ","$251,267 ","$257,933 ","$262,233 ","$261,933 ","$259,933 ","$257,933 ","$254,930 ","$251,297 ","$249,330 ","$254,333 "
394735,30,"Kansas City, MO",Msa,MO,"$254,983 ","$259,967 ","$269,633 ","$274,633 ","$277,167 ","$275,833 ","$274,363 ","$271,830 ","$271,830 ","$279,967 ","$286,633 ","$293,133 ","$295,783 ","$305,817 ","$319,300 ","$331,317 ","$337,950 ","$336,300 ","$329,967 ","$319,967 ","$312,559 ","$307,559 ","$304,259 ","$301,667 ","$306,500 ","$317,667 ","$334,082 ","$343,997 ","$352,830 ","$359,732 ","$364,967 ","$361,633 ","$353,317 ","$344,967 ","$341,300 ","$339,467 ","$340,833 ","$350,833 "
394711,92,"Jackson, MS",Msa,MS,"$233,106 ","$233,074 ","$233,358 ","$236,513 ","$239,668 ","$242,854 ","$242,854 ","$241,276 ","$236,828 ","$232,096 ","$228,941 ","$227,048 ","$227,048 ","$228,657 ","$231,686 ","$237,712 ","$242,412 ","$246,987 ","$246,987 ","$246,387 ","$243,706 ","$242,759 ","$241,813 ","$244,778 ","$247,270 ","$250,078 ","$250,741 ","$252,634 ","$257,713 ","$266,515 ","$277,635 ","$285,270 ","$288,204 ","$288,569 ","$288,935 ","$287,966 ","$284,333 ","$281,300 "
394458,24,"Charlotte, NC",Msa,NC,"$337,500 ","$337,633 ","$342,617 ","$349,283 ","$355,650 ","$357,333 ","$354,633 ","$348,300 ","$341,630 ","$334,963 ","$329,963 ","$325,903 ","$324,237 ","$326,970 ","$333,549 ","$341,916 ","$350,579 ","$355,563 ","$355,563 ","$351,800 ","$346,967 ","$343,633 ","$340,997 ","$340,996 ","$341,992 ","$345,329 ","$350,629 ","$352,933 ","$357,798 ","$363,165 ","$374,365 ","$379,760 ","$381,819 ","$378,819 ","$376,892 ","$374,833 ","$374,433 ","$376,100 "
395012,48,"Raleigh, NC",Msa,NC,"$344,272 ","$345,908 ","$352,640 ","$362,259 ","$368,671 ","$368,671 ","$366,747 ","$363,509 ","$360,014 ","$353,602 ","$348,184 ","$343,695 ","$342,253 ","$342,894 ","$349,306 ","$359,085 ","$368,671 ","$371,877 ","$368,959 ","$364,150 ","$360,912 ","$358,988 ","$355,089 ","$350,280 ","$347,074 ","$349,370 ","$355,641 ","$359,520 ","$365,163 ","$370,146 ","$379,091 ","$385,343 ","$390,120 ","$393,874 ","$394,052 ","$394,630 ","$394,330 ","$397,903 "
394648,73,"Greensboro, NC",Msa,NC,"$185,833 ","$188,986 ","$195,543 ","$207,314 ","$217,929 ","$224,142 ","$229,138 ","$235,351 ","$241,595 ","$243,125 ","$238,754 ","$235,351 ","$235,007 ","$238,130 ","$244,655 ","$252,991 ","$262,358 ","$265,168 ","$263,419 ","$257,050 ","$254,240 ","$251,149 ","$249,432 ","$246,965 ","$245,373 ","$244,093 ","$246,279 ","$246,310 ","$253,040 ","$261,938 ","$274,114 ","$282,871 ","$280,529 ","$278,839 ","$271,540 ","$269,663 ","$267,967 ","$268,300 "
395235,81,"Winston-Salem, NC",Msa,NC,"$210,000 ","$211,667 ","$213,333 ","$216,633 ","$218,267 ","$221,600 ","$230,267 ","$240,300 ","$248,600 ","$249,633 ","$247,933 ","$246,267 ","$246,267 ","$249,933 ","$257,300 ","$267,467 ","$278,333 ","$285,300 ","$287,800 ","$286,600 ","$284,933 ","$283,567 ","$281,192 ","$278,525 ","$275,892 ","$280,123 ","$285,823 ","$289,028 ","$292,202 ","$298,202 ","$307,997 ","$310,663 ","$307,297 ","$300,130 ","$293,133 ","$286,822 ","$285,252 ","$286,052 "
394938,61,"Omaha, NE",Msa,NE,"$279,078 ","$286,970 ","$295,394 ","$305,577 ","$310,880 ","$310,914 ","$307,514 ","$304,131 ","$301,424 ","$294,810 ","$288,348 ","$285,980 ","$289,194 ","$297,652 ","$311,185 ","$324,075 ","$330,841 ","$328,135 ","$324,131 ","$319,067 ","$312,639 ","$302,772 ","$294,472 ","$291,732 ","$294,438 ","$303,481 ","$312,650 ","$319,416 ","$323,736 ","$328,109 ","$332,304 ","$332,338 ","$327,932 ","$324,950 ","$321,362 ","$321,507 ","$321,557 ","$328,492 "
394312,59,"Albuquerque, NM",Msa,NM,"$251,855 ","$253,573 ","$258,419 ","$265,293 ","$271,857 ","$275,294 ","$273,541 ","$268,730 ","$262,887 ","$261,169 ","$261,134 ","$262,509 ","$262,543 ","$265,980 ","$271,479 ","$278,353 ","$282,288 ","$285,418 ","$286,899 ","$287,849 ","$287,813 ","$288,016 ","$287,976 ","$286,602 ","$288,320 ","$295,194 ","$303,786 ","$309,526 ","$316,743 ","$330,955 ","$346,262 ","$355,539 ","$356,793 ","$352,964 ","$347,090 ","$341,932 ","$341,127 ","$342,703 "
394775,31,"Las Vegas, NV",Msa,NV,"$293,233 ","$294,933 ","$296,467 ","$306,833 ","$325,133 ","$341,967 ","$349,930 ","$348,297 ","$341,980 ","$333,683 ","$325,350 ","$321,649 ","$318,316 ","$314,983 ","$313,000 ","$314,333 ","$318,633 ","$322,300 ","$324,300 ","$324,667 ","$322,998 ","$321,298 ","$319,932 ","$319,933 ","$321,298 ","$325,998 ","$334,332 ","$336,000 ","$333,300 ","$329,967 ","$335,267 ","$341,963 ","$345,297 ","$346,663 ","$347,185 ","$347,185 ","$345,852 ","$345,000 "
394913,1,"New York, NY",Msa,NY,"$520,967 ","$525,967 ","$535,967 ","$547,667 ","$557,667 ","$564,333 ","$565,667 ","$559,300 ","$552,967 ","$552,967 ","$553,000 ","$552,667 ","$549,333 ","$549,333 ","$556,000 ","$566,000 ","$576,145 ","$579,812 ","$578,479 ","$574,967 ","$573,300 ","$574,633 ","$577,667 ","$579,000 ","$577,667 ","$579,667 ","$586,333 ","$594,333 ","$599,000 ","$602,667 ","$612,967 ","$629,596 ","$642,596 ","$649,296 ","$649,667 ","$650,000 ","$650,000 ","$650,000 "
394425,47,"Buffalo, NY",Msa,NY,"$183,750 ","$185,535 ","$192,638 ","$201,597 ","$208,771 ","$212,340 ","$214,089 ","$213,376 ","$212,698 ","$209,128 ","$204,488 ","$198,063 ","$194,851 ","$196,278 ","$201,454 ","$208,236 ","$215,696 ","$221,193 ","$224,798 ","$221,229 ","$217,623 ","$213,697 ","$210,128 ","$206,594 ","$203,346 ","$205,131 ","$208,736 ","$217,659 ","$228,403 ","$242,145 ","$247,535 ","$245,750 ","$239,089 ","$231,950 ","$224,812 ","$217,731 ","$214,441 ","$222,720 "
395031,51,"Rochester, NY",Msa,NY,"$185,798 ","$193,017 ","$203,339 ","$215,610 ","$224,669 ","$228,783 ","$225,174 ","$217,956 ","$210,737 ","$206,370 ","$202,725 ","$202,725 ","$207,417 ","$219,183 ","$232,573 ","$246,546 ","$252,826 ","$255,677 ","$252,568 ","$248,634 ","$239,611 ","$228,747 ","$219,724 ","$212,542 ","$212,578 ","$221,926 ","$239,611 ","$257,620 ","$266,643 ","$270,577 ","$272,382 ","$272,237 ","$265,019 ","$255,671 ","$248,597 ","$254,673 ","$261,991 ","$274,983 "
394308,60,"Albany, NY",Msa,NY,"$238,360 ","$242,017 ","$245,782 ","$246,542 ","$247,990 ","$250,163 ","$254,507 ","$257,765 ","$257,765 ","$257,041 ","$257,584 ","$257,584 ","$256,860 ","$256,860 ","$260,118 ","$265,187 ","$268,952 ","$271,088 ","$273,224 ","$272,355 ","$268,735 ","$265,114 ","$264,173 ","$264,173 ","$262,272 ","$262,635 ","$266,255 ","$273,550 ","$281,913 ","$293,172 ","$304,069 ","$309,861 ",,,,"$291,185 ",,
395143,79,"Syracuse, NY",Msa,NY,"$134,432 ","$135,631 ","$138,555 ","$144,373 ","$147,560 ","$149,051 ","$150,249 ","$151,594 ","$151,594 ","$150,396 ","$149,051 ","$148,729 ","$148,612 ","$150,074 ","$153,290 ","$159,255 ","$165,102 ","$170,540 ","$172,031 ","$170,569 ","$167,792 ","$164,868 ","$163,435 ","$162,822 ","$163,633 ","$166,557 ","$170,387 ","$178,317 ","$185,597 ","$192,907 ","$195,859 ","$197,321 ","$197,321 ","$198,171 ","$195,717 ","$193,233 ","$188,233 ","$191,567 "
394466,28,"Cincinnati, OH",Msa,OH,"$218,267 ","$219,967 ","$231,600 ","$248,267 ","$261,600 ","$267,600 ","$265,933 ","$259,267 ","$251,633 ","$244,967 ","$241,333 ","$236,300 ","$232,967 ","$236,633 ","$249,967 ","$266,300 ","$279,600 ","$285,967 ","$287,967 ","$284,333 ","$278,000 ","$271,333 ","$264,967 ","$260,933 ","$260,900 ","$269,020 ","$283,020 ","$294,720 ","$308,300 ","$321,333 ","$333,000 ","$334,333 ","$327,667 ","$319,663 ","$309,997 ","$306,297 ","$306,431 ","$314,764 "
394475,29,"Cleveland, OH",Msa,OH,"$161,400 ","$161,567 ","$164,900 ","$171,267 ","$176,267 ","$181,600 ","$183,600 ","$183,633 ","$181,633 ","$179,933 ","$178,267 ","$176,600 ","$174,933 ","$176,567 ","$179,933 ","$185,967 ","$192,500 ","$197,467 ","$199,467 ","$196,267 ","$192,933 ","$188,597 ","$185,263 ","$181,930 ","$179,900 ","$179,933 ","$184,967 ","$191,333 ","$201,300 ","$209,600 ","$218,267 ","$221,300 ","$214,667 ","$206,300 ","$196,600 ","$191,600 ","$188,783 ","$195,150 "
394492,32,"Columbus, OH",Msa,OH,"$254,233 ","$268,433 ","$285,100 ","$302,433 ","$311,600 ","$316,633 ","$314,967 ","$306,633 ","$294,933 ","$283,267 ","$274,767 ","$268,133 ","$264,800 ","$269,967 ","$288,033 ","$308,033 ","$321,366 ","$325,600 ","$325,633 ","$319,633 ","$308,967 ","$293,967 ","$284,933 ","$279,200 ","$282,500 ","$291,850 ","$305,883 ","$315,883 ","$326,400 ","$336,433 ","$344,800 ","$341,600 ","$329,967 ","$319,967 ","$314,997 ","$313,330 ","$310,666 ","$313,969 "
394521,70,"Dayton, OH",Msa,OH,"$136,298 ","$134,173 ","$138,016 ","$143,294 ","$148,642 ","$153,654 ","$158,968 ","$161,057 ","$159,286 ","$155,744 ","$153,265 ","$151,494 ","$151,481 ","$152,190 ","$157,503 ","$162,828 ","$170,479 ","$177,563 ","$186,419 ","$191,165 ","$189,394 ","$183,050 ","$178,475 ","$175,641 ","$174,229 ","$177,032 ","$188,756 ","$201,118 ","$211,953 ","$217,231 ","$217,939 ","$215,499 ","$211,957 ","$212,784 ","$211,769 ","$207,630 ","$204,660 ","$205,297 "
394304,74,"Akron, OH",Msa,OH,"$146,100 ","$144,133 ","$144,633 ","$151,233 ","$159,833 ","$168,133 ","$173,200 ","$172,933 ","$169,300 ","$164,300 ","$159,600 ","$154,900 ","$151,567 ","$151,600 ","$154,967 ","$159,967 ","$166,633 ","$173,267 ","$177,967 ","$177,933 ","$173,800 ","$169,100 ","$163,300 ","$157,433 ","$152,433 ","$151,600 ","$156,600 ","$163,267 ","$171,433 ","$178,133 ","$184,500 ","$187,667 ","$184,300 ","$181,133 ","$174,300 ","$169,333 ","$162,833 ","$163,300 "
395160,86,"Toledo, OH",Msa,OH,"$126,933 ","$125,600 ","$129,967 ","$136,633 ","$144,633 ","$148,267 ","$149,900 ","$147,767 ","$145,467 ","$143,133 ","$141,933 ","$140,900 ","$139,900 ","$139,933 ","$147,800 ","$159,500 ","$174,500 ","$182,300 ","$183,933 ","$180,067 ","$172,767 ","$167,767 ","$163,267 ","$161,567 ","$159,900 ","$159,900 ","$161,567 ","$166,600 ","$179,133 ","$190,800 ","$200,767 ","$208,233 ","$208,266 ","$206,600 ","$194,933 ","$188,266 ","$183,300 ","$191,333 "
394935,42,"Oklahoma City, OK",Msa,OK,"$236,443 ","$238,645 ","$243,457 ","$248,651 ","$253,155 ","$253,846 ","$253,846 ","$251,062 ","$249,308 ","$247,553 ","$247,588 ","$247,588 ","$249,996 ","$254,811 ","$263,410 ","$271,700 ","$278,232 ","$279,642 ","$277,578 ","$273,076 ","$269,946 ","$268,226 ","$268,260 ","$268,260 ","$269,980 ","$273,881 ","$279,192 ","$282,631 ","$287,330 ","$294,421 ","$300,213 ","$301,589 ","$297,821 ","$296,672 ","$296,019 ","$296,019 ","$295,397 ","$299,288 "
395169,55,"Tulsa, OK",Msa,OK,"$192,547 ","$193,829 ","$197,925 ","$203,209 ","$206,336 ","$206,961 ","$206,367 ","$206,336 ","$206,179 ","$206,148 ","$206,148 ","$206,273 ","$206,562 ","$209,407 ","$215,379 ","$222,939 ","$229,505 ","$232,632 ","$234,039 ","$233,257 ","$233,570 ","$235,258 ","$237,603 ","$239,136 ","$237,572 ","$237,541 ","$240,699 ","$246,952 ","$254,801 ","$264,150 ","$272,279 ","$276,969 ","$277,001 ","$277,780 ","$277,803 ","$277,230 ","$276,321 ","$277,391 "
394998,23,"Portland, OR",Msa,OR,"$464,101 ","$470,570 ","$477,068 ","$483,536 ","$485,153 ","$485,124 ","$481,858 ","$475,357 ","$467,271 ","$460,802 ","$457,568 ","$455,951 ","$457,568 ","$460,802 ","$467,271 ","$472,139 ","$475,389 ","$475,397 ","$472,179 ","$468,928 ","$464,101 ","$460,867 ","$457,633 ","$457,632 ","$460,865 ","$468,970 ","$475,407 ","$475,376 ","$475,066 ","$476,683 ","$486,095 ","$489,621 ","$492,855 ","$496,381 ","$504,337 ","$513,749 ","$520,560 ","$524,300 "
394974,5,"Philadelphia, PA",Msa,PA,"$249,967 ","$248,267 ","$251,600 ","$259,600 ","$267,967 ","$274,633 ","$278,267 ","$276,600 ","$273,267 ","$269,963 ","$268,297 ","$263,297 ","$256,600 ","$251,600 ","$254,967 ","$263,333 ","$275,000 ","$283,333 ","$288,633 ","$290,267 ","$291,900 ","$293,263 ","$293,263 ","$288,297 ","$283,267 ","$282,967 ","$287,967 ","$294,333 ","$301,333 ","$311,633 ","$323,633 ","$333,300 ","$336,333 ","$338,000 ","$336,633 ","$333,300 ","$326,633 ","$323,300 "
394982,22,"Pittsburgh, PA",Msa,PA,"$171,567 ","$169,900 ","$173,233 ","$176,917 ","$182,450 ","$184,150 ","$183,800 ","$181,600 ","$179,900 ","$178,267 ","$175,933 ","$172,633 ","$170,933 ","$171,300 ","$175,967 ","$182,633 ","$189,633 ","$194,933 ","$198,267 ","$199,600 ","$198,967 ","$195,633 ","$190,967 ","$184,967 ","$183,300 ","$186,267 ","$192,900 ","$197,900 ","$204,900 ","$214,900 ","$226,767 ","$232,800 ","$232,833 ","$231,000 ","$229,667 ","$228,000 ","$226,333 ","$226,633 "
394318,67,"Allentown, PA",Msa,PA,"$227,185 ","$226,189 ","$229,831 ","$237,389 ","$243,538 ","$246,287 ","$247,317 ","$245,634 ","$242,164 ","$238,694 ","$235,259 ","$233,541 ","$230,140 ","$231,823 ","$236,976 ","$245,565 ","$252,127 ","$255,597 ","$258,998 ","$259,307 ","$257,589 ","$254,154 ","$250,752 ","$249,000 ","$247,282 ","$250,684 ","$259,307 ","$266,212 ","$272,774 ","$276,175 ","$284,729 ","$291,222 ","$294,692 ","$297,131 ","$296,135 ","$297,509 ","$297,161 ","$305,884 "
394666,96,"Harrisburg, PA",Msa,PA,"$215,799 ","$220,618 ","$230,255 ","$239,892 ","$248,566 ","$252,421 ","$252,460 ","$251,303 ","$251,245 ","$251,207 ","$246,542 ","$240,818 ","$237,387 ","$238,543 ","$242,437 ","$246,639 ","$251,264 ","$257,008 ","$263,947 ","$268,612 ","$268,612 ","$266,106 ","$265,296 ","$264,949 ","$264,988 ","$266,954 ","$272,645 ","$278,929 ","$284,287 ","$288,619 ","$292,512 ","$292,821 ","$290,797 ","$289,569 ","$286,778 ","$285,568 ","$286,067 ","$298,933 "
395005,38,"Providence, RI",Msa,RI,"$345,699 ","$347,447 ","$353,039 ","$360,031 ","$365,310 ","$367,025 ","$367,060 ","$367,060 ","$367,060 ","$365,277 ","$361,431 ","$356,222 ","$354,474 ","$357,795 ","$366,186 ","$374,961 ","$382,443 ","$386,254 ","$387,967 ","$387,967 ","$387,652 ","$385,904 ","$382,408 ","$375,731 ","$370,521 ","$373,703 ","$384,191 ","$394,645 ","$401,952 ","$408,944 ","$419,432 ","$422,964 ","$419,467 ","$408,979 ","$400,204 ","$396,393 ","$396,574 ","$407,137 "
394653,65,"Greenville, SC",Msa,SC,"$256,067 ","$257,680 ","$261,013 ","$267,054 ","$271,766 ","$275,421 ","$275,706 ","$274,757 ","$269,381 ","$264,343 ","$260,548 ","$258,935 ","$257,648 ","$258,312 ","$263,088 ","$271,026 ","$277,983 ","$279,533 ","$275,902 ","$269,862 ","$266,545 ","$265,400 ","$265,302 ","$263,907 ","$262,357 ","$265,333 ","$269,636 ","$272,767 ","$275,297 ","$280,481 ","$285,257 ","$287,471 ","$285,979 ","$286,404 ","$284,041 ","$280,743 ","$275,440 ","$273,963 "
394486,72,"Columbia, SC",Msa,SC,"$192,275 ","$192,306 ","$196,949 ","$204,898 ","$212,815 ","$219,334 ","$220,952 ","$220,284 ","$218,663 ","$217,076 ","$219,365 ","$220,987 ","$225,089 ","$226,011 ","$227,823 ","$231,353 ","$234,882 ","$237,521 ","$234,628 ","$230,176 ","$225,693 ","$222,513 ","$219,651 ","$217,262 ","$217,262 ","$220,605 ","$224,931 ","$229,512 ","$233,482 ","$236,315 ","$239,394 ","$241,874 ","$241,874 ","$241,080 ","$240,822 ","$242,685 ","$244,385 ","$246,323 "
394457,78,"Charleston, SC",Msa,SC,"$372,999 ","$374,557 ","$377,984 ","$383,827 ","$390,371 ","$393,487 ","$393,877 ","$389,202 ","$382,967 ","$376,766 ","$372,092 ","$368,948 ","$367,670 ","$372,033 ","$381,412 ","$390,760 ","$395,746 ","$397,304 ","$394,811 ","$388,579 ","$380,758 ","$375,305 ","$373,435 ","$372,528 ","$372,372 ","$374,242 ","$381,381 ","$384,809 ","$392,287 ","$396,993 ","$406,029 ","$411,015 ","$414,131 ","$416,501 ","$417,834 ","$422,467 ","$428,300 ","$441,600 "
394902,37,"Nashville, TN",Msa,TN,"$374,600 ","$375,967 ","$377,633 ","$379,633 ","$379,633 ","$377,966 ","$374,300 ","$367,933 ","$362,967 ","$359,933 ","$358,267 ","$356,567 ","$354,933 ","$354,933 ","$356,600 ","$359,930 ","$364,463 ","$367,797 ","$366,933 ","$364,067 ","$360,548 ","$359,415 ","$356,781 ","$353,667 ","$350,666 ","$351,633 ","$354,933 ","$358,233 ","$362,933 ","$367,967 ","$374,633 ","$378,267 ","$381,567 ","$382,575 ","$382,275 ","$380,608 ","$381,297 ","$388,263 "
394849,41,"Memphis, TN",Msa,TN,"$187,576 ","$182,805 ","$181,246 ","$184,141 ","$187,322 ","$194,924 ","$200,013 ","$205,612 ","$207,234 ","$208,793 ","$208,952 ","$206,089 ","$202,940 ","$200,999 ","$203,862 ","$208,633 ","$215,981 ","$221,071 ","$224,252 ","$223,933 ","$223,569 ","$223,537 ","$223,855 ","$224,220 ","$222,629 ","$222,598 ","$225,747 ","$230,550 ","$235,353 ","$240,760 ","$247,122 ","$251,862 ","$248,076 ","$245,532 ","$243,970 ","$243,970 ","$242,221 ","$238,155 "
394753,64,"Knoxville, TN",Msa,TN,"$264,267 ","$263,600 ","$267,217 ","$277,184 ","$286,850 ","$291,600 ","$289,933 ","$283,267 ","$276,600 ","$271,300 ","$267,967 ","$267,467 ","$264,467 ","$264,467 ","$267,967 ","$277,933 ","$289,300 ","$296,267 ","$299,633 ","$299,933 ","$299,267 ","$295,900 ","$288,933 ","$282,633 ","$278,899 ","$282,533 ","$289,532 ","$296,633 ","$305,000 ","$316,667 ","$332,778 ","$344,111 ","$342,444 ","$332,967 ","$317,765 ","$307,732 ","$304,399 ","$309,900 "
394514,4,"Dallas-Fort Worth, TX",Msa,TX,"$342,000 ","$345,333 ","$351,663 ","$359,761 ","$366,094 ","$365,898 ","$359,433 ","$350,855 ","$344,355 ","$341,022 ","$339,600 ","$337,967 ","$335,500 ","$335,800 ","$340,767 ","$348,267 ","$354,933 ","$356,300 ","$354,567 ","$349,533 ","$344,867 ","$341,600 ","$339,997 ","$338,330 ","$335,297 ","$334,600 ","$336,267 ","$339,267 ","$343,133 ","$348,133 ","$354,800 ","$358,133 ","$359,783 ","$359,483 ","$357,950 ","$354,697 ","$352,360 ","$354,027 "
394692,6,"Houston, TX",Msa,TX,"$316,508 ","$318,822 ","$322,221 ","$326,845 ","$330,429 ","$331,755 ","$328,761 ","$323,873 ","$317,681 ","$314,129 ","$310,871 ","$309,242 ","$307,935 ","$308,912 ","$312,171 ","$317,030 ","$320,940 ","$322,243 ","$320,521 ","$316,937 ","$312,375 ","$309,242 ","$306,623 ","$304,668 ","$302,246 ","$301,931 ","$304,506 ","$307,009 ","$311,897 ","$316,166 ","$322,602 ","$327,327 ","$332,215 ","$335,718 ","$337,755 ","$336,800 ","$335,132 ","$335,465 "
395055,26,"San Antonio, TX",Msa,TX,"$279,965 ","$279,998 ","$282,998 ","$288,333 ","$294,667 ","$298,000 ","$297,667 ","$293,030 ","$287,697 ","$282,697 ","$281,000 ","$280,250 ","$280,217 ","$280,183 ","$281,600 ","$284,963 ","$289,963 ","$292,910 ","$292,880 ","$289,580 ","$286,501 ","$283,198 ","$281,198 ","$278,865 ","$278,169 ","$278,499 ","$281,963 ","$285,663 ","$289,667 ","$293,633 ","$297,300 ","$299,933 ","$299,467 ","$297,800 ","$294,467 ","$291,133 ","$289,133 ","$290,833 "
394355,35,"Austin, TX",Msa,TX,"$370,916 ","$372,924 ","$377,367 ","$382,169 ","$383,453 ","$383,495 ","$380,325 ","$374,243 ","$367,840 ","$363,038 ","$359,805 ","$355,323 ","$352,459 ","$354,092 ","$361,135 ","$370,401 ","$376,644 ","$374,401 ","$366,008 ","$356,884 ","$350,481 ","$346,709 ","$344,628 ","$341,429 ","$341,749 ","$345,576 ","$356,140 ","$363,824 ","$372,639 ","$382,883 ","$395,153 ","$406,509 ","$414,193 ","$420,747 ","$425,047 ","$426,645 ","$428,191 ","$434,802 "
394561,68,"El Paso, TX",Msa,TX,"$183,180 ","$183,365 ","$183,637 ","$184,343 ","$184,886 ","$186,612 ","$188,785 ","$191,301 ","$192,180 ","$192,542 ","$192,560 ","$193,665 ","$196,398 ","$199,457 ","$202,172 ","$204,145 ","$206,241 ","$207,861 ","$207,861 ","$207,014 ","$206,299 ","$206,317 ","$207,783 ","$207,780 ","$207,780 ","$206,332 ","$206,335 ","$205,973 ","$206,896 ","$208,870 ","$212,490 ","$215,169 ","$216,798 ","$217,484 ",,,,"$230,977 "
394843,71,"McAllen, TX",Msa,TX,"$192,333 ","$190,666 ","$190,633 ","$191,633 ","$193,133 ","$194,833 ","$194,833 ","$195,000 ","$196,000 ","$195,000 ","$193,333 ","$190,633 ","$189,967 ","$192,633 ","$195,833 ","$200,500 ","$203,579 ","$206,748 ","$207,081 ","$204,669 ","$201,633 ","$199,967 ","$199,967 ","$200,000 ","$199,833 ","$199,500 ","$199,167 ","$199,000 ","$202,333 ","$208,000 ","$215,000 ","$218,667 ","$223,000 ","$227,967 ","$231,630 ","$230,297 ","$226,963 ","$227,300 "
395053,50,"Salt Lake City, UT",Msa,UT,"$418,610 ","$423,873 ","$432,017 ","$437,926 ","$445,188 ","$449,266 ","$450,872 ","$448,725 ","$443,733 ","$436,396 ","$431,064 ","$428,738 ","$428,881 ","$432,460 ","$439,760 ","$452,286 ","$463,380 ","$470,394 ","$468,605 ","$463,237 ","$458,012 ","$455,901 ","$456,413 ","$460,027 ","$467,364 ","$479,342 ","$488,253 ","$486,607 ","$483,028 ","$484,853 ","$495,589 ","$500,957 ","$499,168 ","$496,699 ","$501,852 ","$515,988 ",,
394931,89,"Ogden, UT",Msa,UT,"$349,492 ","$358,310 ","$372,121 ","$384,367 ","$391,449 ","$394,353 ","$394,502 ","$392,059 ","$386,994 ","$381,081 ","$378,761 ","$380,532 ","$388,216 ","$396,485 ","$405,020 ","$412,138 ","$415,396 ","$412,209 ","$406,543 ","$401,585 ","$395,777 ","$385,472 ","$378,354 ","$377,079 ","$386,817 ","$397,973 ","$406,826 ","$407,747 ","$412,527 ","$424,214 ","$441,566 ","$448,684 ","$451,163 ","$450,907 ","$458,839 ","$467,333 ",,
395006,100,"Provo, UT",Msa,UT,"$383,441 ","$391,042 ","$401,669 ","$406,785 ","$402,836 ","$395,952 ","$392,210 ","$391,042 ","$389,325 ","$386,201 ","$381,051 ","$377,651 ","$377,342 ","$381,428 ","$388,978 ","$394,128 ","$396,051 ","$395,368 ","$397,085 ","$399,657 ","$400,996 ","$398,901 ","$396,089 ","$395,200 ","$397,295 ","$403,544 ","$413,360 ","$417,931 ","$423,081 ","$428,231 ","$444,571 ","$460,021 ","$473,786 ","$482,401 ","$496,101 ","$511,521 ","$526,766 ","$533,458 "
395194,36,"Virginia Beach, VA",Msa,VA,"$259,740 ","$259,675 ","$262,561 ","$267,070 ","$272,291 ","$275,858 ","$278,128 ","$278,161 ","$277,836 ","$275,566 ","$273,621 ","$271,708 ","$272,389 ","$275,631 ","$280,820 ","$286,624 ","$290,159 ","$291,748 ","$291,748 ","$291,748 ","$291,456 ","$291,164 ","$291,164 ","$291,456 ","$291,748 ","$291,780 ","$295,022 ","$299,886 ","$306,372 ","$312,209 ","$317,073 ","$320,284 ","$319,343 ","$318,366 ","$314,688 ","$309,267 ","$303,233 ","$299,900 "
395022,45,"Richmond, VA",Msa,VA,"$296,322 ","$297,345 ","$304,932 ","$316,566 ","$324,248 ","$327,326 ","$327,497 ","$324,876 ","$320,430 ","$313,760 ","$309,540 ","$307,795 ","$307,761 ","$309,489 ","$318,074 ","$330,063 ","$342,001 ","$346,789 ","$347,491 ","$342,702 ","$336,203 ","$328,678 ","$324,915 ","$324,804 ","$327,523 ","$332,654 ","$339,589 ","$348,500 ","$358,436 ","$368,681 ","$375,847 ","$379,609 ","$378,884 ","$378,975 ","$379,097 ","$381,500 ","$384,517 ","$388,050 "
395078,15,"Seattle, WA",Msa,WA,"$508,250 ","$528,283 ","$561,300 ","$586,283 ","$599,633 ","$599,929 ","$594,946 ","$584,962 ","$573,333 ","$568,333 ","$564,983 ","$563,317 ","$568,300 ","$581,650 ","$608,150 ","$633,133 ","$649,783 ","$651,617 ","$643,133 ","$634,650 ","$626,310 ","$623,160 ","$623,327 ","$626,650 ","$634,983 ","$651,633 ","$666,650 ","$666,648 ","$666,432 ","$668,065 ","$679,875 ","$681,442 ","$677,642 ","$665,817 ","$652,813 ","$643,313 ","$646,993 ","$658,663 "
394862,39,"Milwaukee, WI",Msa,WI,"$203,233 ","$204,933 ","$214,267 ","$225,280 ","$233,580 ","$240,613 ","$242,933 ","$242,633 ","$237,600 ","$232,633 ","$226,300 ","$220,333 ","$218,667 ","$220,333 ","$226,667 ","$231,500 ","$234,800 ","$235,767 ","$237,267 ","$237,300 ","$234,333 ","$229,633 ","$224,600 ","$218,233 ","$215,233 ","$218,200 ","$228,200 ","$237,900 ","$244,967 ","$251,500 ","$256,467 ","$256,433 ","$251,233 ","$244,567 ","$240,900 ","$237,933 ","$237,933 ","$244,933 "
394816,87,"Madison, WI",Msa,WI,"$293,233 ","$299,933 ","$309,300 ","$315,967 ","$318,967 ","$319,600 ","$319,600 ","$316,567 ","$311,567 ","$304,933 ","$301,600 ","$301,600 ","$304,933 ","$314,633 ","$326,167 ","$334,467 ","$337,800 ","$336,300 ","$334,667 ","$331,633 ","$328,300 ","$326,600 ","$324,933 ","$324,900 ","$326,567 ","$331,600 ","$339,933 ","$346,600 ","$351,567 ","$354,433 ","$354,433 ","$351,100 ","$343,267 ","$339,967 ","$338,333 ","$343,300 ","$349,933 ","$357,167 "
102001,0,United States,Country,,"$271,600 ","$272,967 ","$279,333 ","$288,667 ","$295,633 ","$299,267 ","$299,833 ","$299,533 ","$298,900 ","$298,167 ","$296,800 ","$294,100 ","$291,567 ","$292,933 ","$297,967 ","$306,333 ","$314,000 ","$320,333 ","$321,967 ","$319,633 ","$314,967 ","$311,633 ","$306,633 ","$303,233 ","$299,600 ","$301,263 ","$306,330 ","$312,891 ","$320,228 ","$327,728 ","$334,833 ","$339,833 ","$342,000 ","$342,967 ","$341,967 ","$337,300 ","$332,983 ","$333,317 "
